<?xml version="1.0" encoding="UTF-8"?>
<project-private xmlns="http://www.netbeans.org/ns/project-private/1">
    <editor-bookmarks xmlns="http://www.netbeans.org/ns/editor-bookmarks/2" lastBookmarkId="1">
        <file>
            <url>src/mygame/FirstGui.java</url>
            <bookmark id="1">
                <name/>
                <line>27</line>
                <key/>
            </bookmark>
        </file>
    </editor-bookmarks>
    <open-files xmlns="http://www.netbeans.org/ns/projectui-open-files/2">
        <group>
            <file>file:/C:/Users/feras/Documents/NetBeansProjects/Mygame/src/mygame/Spritechicken1.java</file>
            <file>file:/C:/Users/feras/Documents/NetBeansProjects/Mygame/src/mygame/moveboat.java</file>
            <file>file:/C:/Users/feras/Documents/NetBeansProjects/Mygame/src/mygame/Icommand.java</file>
            <file>file:/C:/Users/feras/Documents/NetBeansProjects/Mygame/src/mygame/moveRabbit.java</file>
            <file>file:/C:/Users/feras/Documents/NetBeansProjects/Mygame/src/mygame/ImoveStrategy.java</file>
            <file>file:/C:/Users/feras/Documents/NetBeansProjects/Mygame/src/mygame/Spritefarmer3.java</file>
            <file>file:/C:/Users/feras/Documents/NetBeansProjects/Mygame/src/mygame/SpriteBackground.java</file>
            <file>file:/C:/Users/feras/Documents/NetBeansProjects/Mygame/src/mygame/Crossing2.java</file>
            <file>file:/C:/Users/feras/Documents/NetBeansProjects/Mygame/src/mygame/Controller.java</file>
            <file>file:/C:/Users/feras/Documents/NetBeansProjects/Mygame/src/mygame/chcken3Moves.java</file>
            <file>file:/C:/Users/feras/Documents/NetBeansProjects/Mygame/src/mygame/Crossers.java</file>
            <file>file:/C:/Users/feras/Documents/NetBeansProjects/Mygame/src/mygame/SpriteBoat.java</file>
            <file>file:/C:/Users/feras/Documents/NetBeansProjects/Mygame/src/mygame/farmerMoves.java</file>
            <file>file:/C:/Users/feras/Documents/NetBeansProjects/Mygame/src/mygame/GuiLogic.java</file>
            <file>file:/C:/Users/feras/Documents/NetBeansProjects/Mygame/src/mygame/Crossing.java</file>
            <file>file:/C:/Users/feras/Documents/NetBeansProjects/Mygame/src/mygame/Spritefarmer2.java</file>
            <file>file:/C:/Users/feras/Documents/NetBeansProjects/Mygame/src/mygame/SingletonPatternDemo.java</file>
            <file>file:/C:/Users/feras/Documents/NetBeansProjects/Mygame/src/mygame/chickenMoves.java</file>
            <file>file:/C:/Users/feras/Documents/NetBeansProjects/Mygame/src/mygame/invoker.java</file>
            <file>file:/C:/Users/feras/Documents/NetBeansProjects/Mygame/src/mygame/boatMoves.java</file>
            <file>file:/C:/Users/feras/Documents/NetBeansProjects/Mygame/src/mygame/Spritechicken3.java</file>
            <file>file:/C:/Users/feras/Documents/NetBeansProjects/Mygame/src/mygame/Icrosser2.java</file>
            <file>file:/C:/Users/feras/Documents/NetBeansProjects/Mygame/src/mygame/farmer2Moves.java</file>
            <file>file:/C:/Users/feras/Documents/NetBeansProjects/Mygame/src/mygame/Icrosser.java</file>
            <file>file:/C:/Users/feras/Documents/NetBeansProjects/Mygame/src/mygame/getWeight.java</file>
            <file>file:/C:/Users/feras/Documents/NetBeansProjects/Mygame/src/mygame/FirstGui.java</file>
            <file>file:/C:/Users/feras/Documents/NetBeansProjects/Mygame/src/mygame/Spritefarmer.java</file>
            <file>file:/C:/Users/feras/Documents/NetBeansProjects/Mygame/src/mygame/farmer1Moves.java</file>
            <file>file:/C:/Users/feras/Documents/NetBeansProjects/Mygame/src/mygame/Spritefarmer1.java</file>
            <file>file:/C:/Users/feras/Documents/NetBeansProjects/Mygame/src/mygame/eatingRank.java</file>
            <file>file:/C:/Users/feras/Documents/NetBeansProjects/Mygame/src/mygame/moveCarrot.java</file>
            <file>file:/C:/Users/feras/Documents/NetBeansProjects/Mygame/src/mygame/context.java</file>
            <file>file:/C:/Users/feras/Documents/NetBeansProjects/Mygame/src/mygame/SpriteCarrot.java</file>
            <file>file:/C:/Users/feras/Documents/NetBeansProjects/Mygame/src/mygame/Level.java</file>
            <file>file:/C:/Users/feras/Documents/NetBeansProjects/Mygame/src/mygame/farmer3Moves.java</file>
            <file>file:/C:/Users/feras/Documents/NetBeansProjects/Mygame/src/mygame/chicken2Moves.java</file>
            <file>file:/C:/Users/feras/Documents/NetBeansProjects/Mygame/src/mygame/chicken1Moves.java</file>
            <file>file:/C:/Users/feras/Documents/NetBeansProjects/Mygame/src/xmlSaver/XMLHandler.java</file>
            <file>file:/C:/Users/feras/Documents/NetBeansProjects/Mygame/src/mygame/Mygame.java</file>
            <file>file:/C:/Users/feras/Documents/NetBeansProjects/Mygame/src/mygame/Spritechicken2.java</file>
            <file>file:/C:/Users/feras/Documents/NetBeansProjects/Mygame/src/mygame/Secondlevel.java</file>
            <file>file:/C:/Users/feras/Documents/NetBeansProjects/Mygame/src/mygame/Spritechicken.java</file>
            <file>file:/C:/Users/feras/Documents/NetBeansProjects/Mygame/src/mygame/SpriteRabbit.java</file>
            <file>file:/C:/Users/feras/Documents/NetBeansProjects/Mygame/src/mygame/GuiLogic2.java</file>
            <file>file:/C:/Users/feras/Documents/NetBeansProjects/Mygame/src/mygame/moveTiger.java</file>
            <file>file:/C:/Users/feras/Documents/NetBeansProjects/Mygame/src/mygame/Controller2.java</file>
            <file>file:/C:/Users/feras/Documents/NetBeansProjects/Mygame/src/mygame/SpriteTiger.java</file>
            <file>file:/C:/Users/feras/Documents/NetBeansProjects/Mygame/src/mygame/GameController.java</file>
        </group>
    </open-files>
</project-private>
